date,ticker,open,high,low,close,volume
2020-12-14,SBNY,24.88999938964844,24.899999618530277,24.850000381469727,24.88999938964844,1920155
2020-12-15,SBNY,24.8799991607666,24.93000030517578,24.799999237060547,24.88500022888184,1532054
2020-12-16,SBNY,24.950000762939453,25.059999465942383,24.8700008392334,25.049999237060547,961351
2020-12-17,SBNY,25.049999237060547,25.57999992370605,25.049999237060547,25.479999542236328,1181777
2020-12-18,SBNY,25.46999931335449,25.59000015258789,25.34000015258789,25.440000534057617,1061223
2020-12-21,SBNY,25.40999984741211,25.40999984741211,25.18000030517578,25.200000762939453,1382391
2020-12-22,SBNY,25.280000686645508,25.310699462890625,25.01000022888184,25.170000076293945,602915
2020-12-23,SBNY,25.239999771118164,25.34000015258789,25.1200008392334,25.149999618530277,560443
2020-12-24,SBNY,25.21999931335449,25.280000686645508,25.13999938964844,25.25,257791
2020-12-28,SBNY,25.290000915527344,25.399999618530277,25.27039909362793,25.3799991607666,656279
2020-12-29,SBNY,25.399999618530277,25.5,25.270000457763672,25.46999931335449,554354
2020-12-30,SBNY,25.5,25.56999969482422,25.479999542236328,25.520000457763672,728835
2020-12-31,SBNY,25.520000457763672,25.850000381469727,25.459999084472656,25.649999618530277,2981184
2021-01-04,SBNY,25.540000915527344,25.576499938964844,25.350000381469727,25.399999618530277,613715
2021-01-05,SBNY,25.399999618530277,25.520000457763672,25.34000015258789,25.36000061035156,566773
2021-01-06,SBNY,25.309999465942383,25.350000381469727,24.899999618530277,25.1200008392334,527679
2021-01-07,SBNY,25.18549919128418,25.200000762939453,24.950000762939453,25.040000915527344,318421
2021-01-08,SBNY,25.01000022888184,25.049999237060547,24.899999618530277,25.040000915527344,220958
2021-01-11,SBNY,24.82999992370605,25.020000457763672,24.82999992370605,24.899999618530277,530640
2021-01-12,SBNY,24.93000030517578,25.0,24.8700008392334,24.950000762939453,452753
2021-01-13,SBNY,24.959999084472656,25.32999992370605,24.959999084472656,25.32999992370605,255267
2021-01-14,SBNY,25.299999237060547,25.450000762939453,25.23900032043457,25.36000061035156,167134
2021-01-15,SBNY,25.309999465942383,25.649999618530277,25.299999237060547,25.43000030517578,555373
2021-01-19,SBNY,25.520000457763672,25.600000381469727,25.34000015258789,25.450000762939453,100304
2021-01-20,SBNY,25.3799991607666,25.530000686645508,25.3799991607666,25.5,65967
2021-01-21,SBNY,25.5,25.56999969482422,25.350000381469727,25.5,147716
2021-01-22,SBNY,25.520000457763672,25.61000061035156,25.434999465942383,25.559999465942383,134430
2021-01-25,SBNY,25.591800689697266,25.6299991607666,25.3799991607666,25.520000457763672,284449
2021-01-26,SBNY,25.5,25.645000457763672,25.36000061035156,25.5,115532
2021-01-27,SBNY,25.420000076293945,25.549999237060547,25.26000022888184,25.350000381469727,71968
2021-01-28,SBNY,25.399999618530277,25.59189987182617,25.36000061035156,25.399999618530277,111222
2021-01-29,SBNY,25.350000381469727,25.59000015258789,25.33989906311035,25.440000534057617,486387
2021-02-01,SBNY,25.489999771118164,25.57999992370605,25.37299919128418,25.479999542236328,66551
2021-02-02,SBNY,25.59000015258789,25.59000015258789,25.43000030517578,25.540000915527344,82789
2021-02-03,SBNY,25.559999465942383,25.559999465942383,25.309999465942383,25.399999618530277,96558
2021-02-04,SBNY,25.51000022888184,25.51000022888184,25.350000381469727,25.479999542236328,73666
2021-02-05,SBNY,25.520000457763672,25.559999465942383,25.450000762939453,25.489999771118164,54124
2021-02-08,SBNY,25.559999465942383,25.600000381469727,25.459999084472656,25.520000457763672,52293
2021-02-09,SBNY,25.57999992370605,25.75,25.459999084472656,25.540000915527344,79996
2021-02-10,SBNY,40.86000061035156,40.86000061035156,25.5,25.690000534057617,62101
2021-02-11,SBNY,25.709999084472656,25.75,25.5,25.56999969482422,71480
2021-02-12,SBNY,25.649999618530277,25.649999618530277,25.31999969482422,25.440000534057617,43705
2021-02-16,SBNY,25.520000457763672,25.520000457763672,25.190000534057617,25.270000457763672,68349
2021-02-17,SBNY,25.280000686645508,25.3799991607666,25.1299991607666,25.21999931335449,79191
2021-02-18,SBNY,25.170000076293945,25.207500457763672,25.01000022888184,25.09000015258789,130786
2021-02-19,SBNY,25.049999237060547,25.13999938964844,24.924999237060547,25.01000022888184,86629
2021-02-22,SBNY,25.06999969482422,25.06999969482422,24.940000534057617,25.049999237060547,88831
2021-02-23,SBNY,25.049999237060547,25.09000015258789,24.780000686645508,25.040000915527344,69825
2021-02-24,SBNY,25.049999237060547,25.049999237060547,24.790000915527344,24.8799991607666,93379
2021-02-25,SBNY,24.96999931335449,24.989999771118164,24.600000381469727,24.850000381469727,115978
2021-02-26,SBNY,25.0,25.049999237060547,24.82999992370605,24.850000381469727,142798
2021-03-01,SBNY,25.0,25.100000381469727,24.88500022888184,25.01000022888184,65932
2021-03-02,SBNY,25.020000457763672,25.38500022888184,24.94499969482422,25.3700008392334,116986
2021-03-03,SBNY,25.3799991607666,25.450000762939453,25.200000762939453,25.3700008392334,40660
2021-03-04,SBNY,25.3799991607666,25.520000457763672,25.1200008392334,25.18000030517578,45168
2021-03-05,SBNY,25.32999992370605,25.36000061035156,25.020000457763672,25.1299991607666,80878
2021-03-08,SBNY,25.059999465942383,25.200000762939453,25.040000915527344,25.149999618530277,48081
2021-03-09,SBNY,25.209999084472656,25.32999992370605,25.131200790405277,25.270000457763672,33374
2021-03-10,SBNY,25.18000030517578,25.350000381469727,25.170000076293945,25.309999465942383,62100
2021-03-11,SBNY,25.31999969482422,25.6200008392334,25.31999969482422,25.530000686645508,45781
2021-03-12,SBNY,25.520000457763672,25.520000457763672,25.170000076293945,25.358999252319336,31696
2021-03-15,SBNY,25.350000381469727,25.559999465942383,25.350000381469727,25.530000686645508,68310
2021-03-16,SBNY,25.40999984741211,25.530000686645508,25.399999618530277,25.489999771118164,48727
2021-03-17,SBNY,25.440000534057617,25.530000686645508,25.36039924621582,25.530000686645508,81692
2021-03-18,SBNY,25.170000076293945,25.170000076293945,24.852100372314453,24.90999984741211,100764
2021-03-19,SBNY,24.979999542236328,25.100000381469727,24.809999465942383,24.950000762939453,75942
2021-03-22,SBNY,25.01000022888184,25.22960090637207,25.0,25.200000762939453,49345
2021-03-23,SBNY,25.200000762939453,25.270000457763672,25.11009979248047,25.18000030517578,44635
2021-03-24,SBNY,25.290000915527344,25.46999931335449,25.170000076293945,25.31999969482422,42472
2021-03-25,SBNY,25.170000076293945,25.520000457763672,25.170000076293945,25.309999465942383,29158
2021-03-26,SBNY,25.3700008392334,25.540000915527344,25.309999465942383,25.520000457763672,28049
2021-03-29,SBNY,25.559999465942383,25.559999465942383,25.1200008392334,25.1200008392334,72749
2021-03-30,SBNY,25.239999771118164,25.280000686645508,25.1200008392334,25.280000686645508,61680
2021-03-31,SBNY,25.32999992370605,25.88500022888184,25.239999771118164,25.75,301932
2021-04-01,SBNY,25.399999618530277,25.799999237060547,25.399999618530277,25.700000762939453,165888
2021-04-05,SBNY,25.75,25.75,25.586000442504883,25.670000076293945,75444
2021-04-06,SBNY,25.709999084472656,25.76000022888184,25.57999992370605,25.690000534057617,89795
2021-04-07,SBNY,25.75,25.88999938964844,25.63999938964844,25.63999938964844,72049
2021-04-08,SBNY,25.809999465942383,25.82999992370605,25.61000061035156,25.71999931335449,21670
2021-04-09,SBNY,25.790000915527344,25.86000061035156,25.68239974975586,25.850000381469727,42345
2021-04-12,SBNY,25.850000381469727,25.850000381469727,25.71999931335449,25.770000457763672,52893
2021-04-13,SBNY,25.780000686645508,25.850000381469727,25.709999084472656,25.780000686645508,63140
2021-04-14,SBNY,25.879199981689453,25.88909912109375,25.65999984741211,25.739999771118164,34171
2021-04-15,SBNY,25.76099967956543,25.93000030517578,25.649999618530277,25.88999938964844,32125
2021-04-16,SBNY,25.56999969482422,25.82999992370605,25.5,25.6299991607666,96781
2021-04-19,SBNY,25.6200008392334,25.950000762939453,25.5,25.88999938964844,157396
2021-04-20,SBNY,25.899999618530277,25.899999618530277,25.721399307250977,25.850000381469727,46272
2021-04-21,SBNY,25.850000381469727,26.1299991607666,25.770000457763672,25.959999084472656,69689
2021-04-22,SBNY,26.040000915527344,26.059999465942383,25.899999618530277,25.99340057373047,52006
2021-04-23,SBNY,26.09000015258789,26.100000381469727,25.88999938964844,25.920000076293945,60615
2021-04-26,SBNY,25.901599884033203,25.98940086364746,25.81999969482422,25.8700008392334,62083
2021-04-27,SBNY,25.93000030517578,26.040000915527344,25.600000381469727,25.63999938964844,111903
2021-04-28,SBNY,25.690000534057617,25.700000762939453,25.625,25.700000762939453,37385
2021-04-29,SBNY,25.739999771118164,25.739999771118164,25.649999618530277,25.690000534057617,43935
2021-04-30,SBNY,25.700000762939453,25.71999931335449,25.649999618530277,25.649999618530277,219561
2021-05-03,SBNY,25.739999771118164,25.770000457763672,25.631000518798828,25.700000762939453,85700
2021-05-04,SBNY,25.729999542236328,25.81999969482422,25.6200008392334,25.700000762939453,115697
2021-05-05,SBNY,25.690000534057617,25.76000022888184,25.670000076293945,25.700000762939453,16121
2021-05-06,SBNY,25.82999992370605,25.82999992370605,25.559999465942383,25.61000061035156,34163
2021-05-07,SBNY,25.14559936523437,25.7450008392334,25.14559936523437,25.670000076293945,61433
2021-05-10,SBNY,25.700000762939453,25.79179954528809,25.57999992370605,25.59000015258789,124924
2021-05-11,SBNY,25.57999992370605,25.670000076293945,25.440000534057617,25.59000015258789,103001
2021-05-12,SBNY,25.56999969482422,25.6200008392334,25.299999237060547,25.51000022888184,74813
2021-05-13,SBNY,25.46999931335449,25.81719970703125,25.46999931335449,25.739999771118164,59681
2021-05-14,SBNY,25.81999969482422,25.8700008392334,25.6200008392334,25.84000015258789,46704
2021-05-17,SBNY,25.76000022888184,25.899999618530277,25.71999931335449,25.8799991607666,32082
2021-05-18,SBNY,25.8700008392334,25.87700080871582,25.709999084472656,25.850000381469727,23706
2021-05-19,SBNY,25.75,25.8700008392334,25.649999618530277,25.809999465942383,36440
2021-05-20,SBNY,25.86000061035156,25.96999931335449,25.76000022888184,25.780000686645508,42715
2021-05-21,SBNY,25.920000076293945,26.07999992370605,25.78009986877441,26.059999465942383,29698
2021-05-24,SBNY,26.07999992370605,26.100000381469727,25.998699188232425,26.059999465942383,66379
2021-05-25,SBNY,26.100000381469727,26.100000381469727,25.989999771118164,25.989999771118164,28462
2021-05-26,SBNY,26.07999992370605,26.07999992370605,25.84000015258789,25.88999938964844,35398
2021-05-27,SBNY,25.90999984741211,25.989999771118164,25.84000015258789,25.940000534057617,39176
2021-05-28,SBNY,25.989999771118164,26.239999771118164,25.90999984741211,26.229999542236328,66928
2021-06-01,SBNY,26.200000762939453,26.280000686645508,26.100000381469727,26.26000022888184,125849
2021-06-02,SBNY,26.25,26.26000022888184,26.06999969482422,26.09000015258789,179383
2021-06-03,SBNY,26.07999992370605,26.25,26.06999969482422,26.149999618530277,30888
2021-06-04,SBNY,26.239999771118164,26.26000022888184,26.11000061035156,26.21999931335449,46406
2021-06-07,SBNY,26.32999992370605,26.32999992370605,26.149999618530277,26.190000534057617,41531
2021-06-08,SBNY,26.32999992370605,26.32999992370605,26.040000915527344,26.075000762939453,29901
2021-06-09,SBNY,26.149999618530277,26.26000022888184,26.049999237060547,26.26000022888184,23964
2021-06-10,SBNY,26.239999771118164,26.280000686645508,26.09000015258789,26.18000030517578,72338
2021-06-11,SBNY,26.21999931335449,26.23929977416992,26.149999618530277,26.149999618530277,37398
2021-06-14,SBNY,26.21999931335449,26.239999771118164,26.100000381469727,26.200000762939453,29270
2021-06-15,SBNY,26.229999542236328,26.229999542236328,26.09000015258789,26.1299991607666,22706
2021-06-16,SBNY,26.15999984741211,26.18720054626465,26.06999969482422,26.06999969482422,25619
2021-06-17,SBNY,25.850000381469727,26.100000381469727,25.809999465942383,25.989999771118164,60968
2021-06-18,SBNY,26.030000686645508,26.049999237060547,25.90999984741211,26.040000915527344,31368
2021-06-21,SBNY,25.96999931335449,26.040000915527344,25.809999465942383,25.940000534057617,65084
2021-06-22,SBNY,25.950000762939453,25.989999771118164,25.84000015258789,25.989999771118164,45201
2021-06-23,SBNY,26.0,26.18000030517578,25.959999084472656,26.020000457763672,45403
2021-06-24,SBNY,26.0,26.100000381469727,25.951499938964844,26.01000022888184,41796
2021-06-25,SBNY,26.06999969482422,26.07999992370605,25.959999084472656,26.0,28827
2021-06-28,SBNY,26.059999465942383,26.1200008392334,25.90999984741211,26.1200008392334,31556
2021-06-29,SBNY,26.1299991607666,26.200000762939453,25.84000015258789,25.940000534057617,85760
2021-06-30,SBNY,25.93000030517578,26.149999618530277,25.82010078430176,26.07999992370605,119156
2021-07-01,SBNY,26.06999969482422,26.200000762939453,25.83309936523437,26.01000022888184,54738
2021-07-02,SBNY,26.17230033874512,26.200000762939453,26.040000915527344,26.200000762939453,18516
2021-07-06,SBNY,26.280000686645508,26.299999237060547,26.149999618530277,26.280000686645508,42520
2021-07-07,SBNY,26.34000015258789,26.34000015258789,26.209999084472656,26.299999237060547,63686
2021-07-08,SBNY,26.280000686645508,26.299999237060547,26.01000022888184,26.21999931335449,65647
2021-07-09,SBNY,26.21999931335449,26.229999542236328,26.041000366210938,26.100000381469727,31460
2021-07-12,SBNY,26.209999084472656,26.239999771118164,26.03179931640625,26.239999771118164,23385
2021-07-13,SBNY,26.200000762939453,26.200000762939453,26.049999237060547,26.149999618530277,45347
2021-07-14,SBNY,26.25,26.25,25.989999771118164,26.21999931335449,40988
2021-07-15,SBNY,28.280000686645508,28.280000686645508,26.129499435424805,26.21999931335449,17455
2021-07-16,SBNY,26.239999771118164,26.239999771118164,26.13999938964844,26.21999931335449,21302
2021-07-19,SBNY,26.239999771118164,26.239999771118164,25.9507999420166,26.18000030517578,19966
2021-07-20,SBNY,26.229999542236328,26.25,26.1200008392334,26.170000076293945,23687
2021-07-21,SBNY,26.239999771118164,26.239999771118164,26.030000686645508,26.200000762939453,61190
2021-07-22,SBNY,26.239999771118164,26.239999771118164,26.020299911499023,26.1200008392334,38571
2021-07-23,SBNY,26.190000534057617,26.200000762939453,26.07620048522949,26.13999938964844,43959
2021-07-26,SBNY,26.21999931335449,26.21999931335449,26.059999465942383,26.199899673461918,30512
2021-07-27,SBNY,26.200000762939453,26.200000762939453,26.040000915527344,26.18000030517578,22432
2021-07-28,SBNY,26.190000534057617,26.200000762939453,26.08270072937012,26.190000534057617,25044
2021-07-29,SBNY,26.239999771118164,26.239999771118164,26.13999938964844,26.200000762939453,30953
2021-07-30,SBNY,26.21999931335449,26.32999992370605,26.11000061035156,26.309999465942383,66014
2021-08-02,SBNY,26.350000381469727,26.350000381469727,26.170000076293945,26.209999084472656,46758
2021-08-03,SBNY,26.290000915527344,26.290000915527344,26.149999618530277,26.280000686645508,35282
2021-08-04,SBNY,26.26000022888184,26.299999237060547,26.229999542236328,26.299999237060547,33541
2021-08-05,SBNY,26.34000015258789,26.34000015258789,26.25,26.299999237060547,46637
2021-08-06,SBNY,26.32999992370605,26.399999618530277,26.290000915527344,26.38999938964844,57055
2021-08-09,SBNY,26.38999938964844,26.38999938964844,26.25,26.270000457763672,29182
2021-08-10,SBNY,26.34000015258789,26.38999938964844,25.82999992370605,26.030000686645508,75945
2021-08-11,SBNY,26.06999969482422,26.190000534057617,26.0,26.06999969482422,18162
2021-08-12,SBNY,26.09000015258789,26.21999931335449,25.9950008392334,26.21999931335449,32398
2021-08-13,SBNY,26.21999931335449,26.25,26.149999618530277,26.24839973449707,24170
2021-08-16,SBNY,26.290000915527344,26.29990005493164,26.1200008392334,26.13999938964844,17650
2021-08-17,SBNY,26.280000686645508,26.280000686645508,25.920000076293945,26.040000915527344,87616
2021-08-18,SBNY,26.040000915527344,26.040000915527344,25.71999931335449,25.891000747680664,84215
2021-08-19,SBNY,25.63999938964844,25.90999984741211,25.63999938964844,25.88999938964844,50513
2021-08-20,SBNY,25.920000076293945,26.0,25.850000381469727,26.0,20097
2021-08-23,SBNY,26.049999237060547,26.09000015258789,26.020000457763672,26.07999992370605,20202
2021-08-24,SBNY,26.07999992370605,26.09000015258789,26.020000457763672,26.09000015258789,34211
2021-08-25,SBNY,26.1299991607666,26.1299991607666,26.01000022888184,26.01000022888184,25632
2021-08-26,SBNY,26.1200008392334,26.1200008392334,25.780000686645508,25.780000686645508,78636
2021-08-27,SBNY,25.739999771118164,26.059999465942383,25.739999771118164,26.049999237060547,26800
2021-08-30,SBNY,25.979999542236328,26.149999618530277,25.979999542236328,26.01000022888184,26827
2021-08-31,SBNY,25.989999771118164,26.133100509643555,25.979999542236328,26.06999969482422,49969
2021-09-01,SBNY,26.149999618530277,26.239999771118164,26.100000381469727,26.21999931335449,36963
2021-09-02,SBNY,26.239999771118164,26.239999771118164,26.12579917907715,26.21999931335449,36213
2021-09-03,SBNY,26.239999771118164,26.280000686645508,26.100000381469727,26.280000686645508,39880
2021-09-07,SBNY,26.270000457763672,26.280000686645508,26.11000061035156,26.1200008392334,29824
2021-09-08,SBNY,26.25,26.25,26.0,26.18000030517578,54629
2021-09-09,SBNY,26.21999931335449,26.25,26.149999618530277,26.25,20255
2021-09-10,SBNY,26.239999771118164,26.270000457763672,26.15999984741211,26.25,30702
2021-09-13,SBNY,26.25,26.25,26.13999938964844,26.15999984741211,30223
2021-09-14,SBNY,26.209999084472656,26.209999084472656,26.0,26.040000915527344,27727
2021-09-15,SBNY,25.959999084472656,26.190000534057617,25.959999084472656,26.11000061035156,40134
2021-09-16,SBNY,25.93000030517578,26.059999465942383,25.772899627685547,26.01000022888184,28811
2021-09-17,SBNY,26.06999969482422,26.100000381469727,25.920000076293945,26.059999465942383,33903
2021-09-20,SBNY,26.040000915527344,26.040000915527344,25.8799991607666,26.0,15676
2021-09-21,SBNY,26.07999992370605,26.07999992370605,25.850000381469727,25.93000030517578,24633
2021-09-22,SBNY,26.01000022888184,26.100000381469727,25.930099487304688,26.06999969482422,41640
2021-09-23,SBNY,26.100000381469727,26.11000061035156,25.920000076293945,26.01000022888184,53324
2021-09-24,SBNY,25.959999084472656,26.020000457763672,25.88990020751953,26.0,37353
2021-09-27,SBNY,25.979999542236328,26.020000457763672,25.899999618530277,26.020000457763672,56964
2021-09-28,SBNY,25.88999938964844,25.96999931335449,25.76000022888184,25.76000022888184,105865
2021-09-29,SBNY,25.899999618530277,26.059999465942383,25.899999618530277,26.049999237060547,29935
2021-09-30,SBNY,26.100000381469727,26.149999618530277,26.0,26.100000381469727,117377
2021-10-01,SBNY,26.149999618530277,26.200000762939453,26.040000915527344,26.170000076293945,27692
2021-10-04,SBNY,26.190000534057617,26.190000534057617,25.769800186157227,25.780000686645508,31005
2021-10-05,SBNY,25.90999984741211,25.979999542236328,25.84000015258789,25.899999618530277,49731
2021-10-06,SBNY,25.93000030517578,25.984399795532227,25.799999237060547,25.850000381469727,118309
2021-10-07,SBNY,25.950000762939453,25.979900360107425,25.840999603271484,25.8700008392334,16639
2021-10-08,SBNY,25.940000534057617,25.940000534057617,25.80270004272461,25.93000030517578,29784
2021-10-11,SBNY,25.979999542236328,26.018199920654297,25.852500915527344,25.920000076293945,12771
2021-10-12,SBNY,26.01000022888184,26.13999938964844,25.899999618530277,26.1200008392334,59869
2021-10-13,SBNY,26.18000030517578,26.21999931335449,26.1200008392334,26.190000534057617,18890
2021-10-14,SBNY,26.200000762939453,26.38999938964844,26.15570068359375,26.290000915527344,57236
2021-10-15,SBNY,26.290000915527344,26.299999237060547,26.07999992370605,26.07999992370605,23047
2021-10-18,SBNY,26.15999984741211,26.18000030517578,25.959999084472656,25.959999084472656,26166
2021-10-19,SBNY,26.100000381469727,26.149999618530277,25.88999938964844,26.020000457763672,19342
2021-10-20,SBNY,26.030000686645508,26.200000762939453,25.961200714111328,26.200000762939453,26308
2021-10-21,SBNY,26.190000534057617,26.200000762939453,26.059999465942383,26.059999465942383,17811
2021-10-22,SBNY,26.15999984741211,26.229999542236328,26.049999237060547,26.09000015258789,9096
2021-10-25,SBNY,26.15999984741211,26.200000762939453,26.049999237060547,26.100000381469727,27508
2021-10-26,SBNY,26.13999938964844,26.21999931335449,26.06089973449707,26.190000534057617,15207
2021-10-27,SBNY,26.209999084472656,26.209999084472656,26.049999237060547,26.200000762939453,13999
2021-10-28,SBNY,26.190000534057617,26.200000762939453,25.899999618530277,26.020000457763672,93401
2021-10-29,SBNY,25.989999771118164,25.989999771118164,25.799999237060547,25.899999618530277,94085
2021-11-01,SBNY,25.920000076293945,26.07999992370605,25.920000076293945,26.06999969482422,26752
2021-11-02,SBNY,26.059999465942383,26.200000762939453,26.049999237060547,26.18000030517578,26361
2021-11-03,SBNY,26.200000762939453,26.200000762939453,26.11000061035156,26.200000762939453,17814
2021-11-04,SBNY,26.190000534057617,26.25,26.059999465942383,26.209999084472656,42493
2021-11-05,SBNY,26.25,26.270000457763672,26.180099487304688,26.25,23448
2021-11-08,SBNY,26.280000686645508,26.280000686645508,26.17009925842285,26.21999931335449,26087
2021-11-09,SBNY,26.21999931335449,26.21999931335449,26.15999984741211,26.190000534057617,11500
2021-11-10,SBNY,26.170000076293945,26.209999084472656,25.809999465942383,25.90999984741211,18434
2021-11-11,SBNY,26.01000022888184,26.01000022888184,25.809999465942383,25.8799991607666,23582
2021-11-12,SBNY,25.88999938964844,26.100000381469727,25.809999465942383,25.899999618530277,12752
2021-11-15,SBNY,26.0,26.030000686645508,25.811500549316406,25.940000534057617,23448
2021-11-16,SBNY,25.86000061035156,25.989999771118164,25.81999969482422,25.84000015258789,28159
2021-11-17,SBNY,25.799999237060547,25.96999931335449,25.68000030517578,25.96999931335449,16025
2021-11-18,SBNY,25.989999771118164,25.989999771118164,25.86210060119629,25.979999542236328,16185
2021-11-19,SBNY,26.030000686645508,26.030000686645508,25.76000022888184,25.88999938964844,33534
2021-11-22,SBNY,25.899999618530277,25.94359970092773,25.69890022277832,25.770000457763672,11444
2021-11-23,SBNY,25.84000015258789,25.8799991607666,25.591100692749023,25.86000061035156,26755
2021-11-24,SBNY,25.84000015258789,25.905000686645508,25.76679992675781,25.8700008392334,14750
2021-11-26,SBNY,25.850000381469727,25.850000381469727,25.280000686645508,25.46999931335449,18723
2021-11-29,SBNY,25.59000015258789,25.68000030517578,25.459999084472656,25.530000686645508,26909
2021-11-30,SBNY,25.65999984741211,25.65999984741211,25.31999969482422,25.520000457763672,45292
2021-12-01,SBNY,25.63999938964844,25.8799991607666,25.59000015258789,25.780000686645508,13108
2021-12-02,SBNY,25.850000381469727,25.850000381469727,25.46999931335449,25.59000015258789,61719
2021-12-03,SBNY,25.5,25.575000762939453,25.4109001159668,25.5,39948
2021-12-06,SBNY,25.57999992370605,25.850000381469727,25.34000015258789,25.649999618530277,67655
2021-12-07,SBNY,25.75,25.959999084472656,25.59000015258789,25.670000076293945,46523
2021-12-08,SBNY,25.729999542236328,25.91889953613281,25.729999542236328,25.86000061035156,30075
2021-12-09,SBNY,25.850000381469727,25.920000076293945,25.76000022888184,25.76000022888184,15180
2021-12-10,SBNY,25.8799991607666,25.8799991607666,25.75,25.84000015258789,29779
2021-12-13,SBNY,25.84000015258789,25.84000015258789,25.71999931335449,25.790000915527344,46699
2021-12-14,SBNY,25.790000915527344,25.940000534057617,25.649999618530277,25.770000457763672,23692
2021-12-15,SBNY,25.709999084472656,25.8700008392334,25.68429946899414,25.799999237060547,44711
2021-12-16,SBNY,25.40999984741211,25.6299991607666,25.38999938964844,25.399999618530277,49175
2021-12-17,SBNY,25.5,25.56999969482422,25.34000015258789,25.399999618530277,89821
2021-12-20,SBNY,25.440000534057617,25.56999969482422,25.43000030517578,25.43000030517578,37849
2021-12-21,SBNY,25.43000030517578,25.540000915527344,25.38999938964844,25.420000076293945,68918
2021-12-22,SBNY,25.489999771118164,25.700000762939453,25.489999771118164,25.700000762939453,54609
2021-12-23,SBNY,25.700000762939453,25.700000762939453,25.51000022888184,25.59000015258789,25365
2021-12-27,SBNY,25.63999938964844,25.63999938964844,25.530000686645508,25.61000061035156,19581
2021-12-28,SBNY,25.63999938964844,25.670000076293945,25.40999984741211,25.649999618530277,60263
2021-12-29,SBNY,25.6299991607666,25.739999771118164,25.569700241088867,25.739999771118164,38593
2021-12-30,SBNY,25.75,25.920000076293945,25.706199645996094,25.88999938964844,35745
2021-12-31,SBNY,25.920000076293945,26.18000030517578,25.809999465942383,26.18000030517578,49592
2022-01-03,SBNY,26.09000015258789,26.100000381469727,25.80500030517578,25.97590065002441,47225
2022-01-04,SBNY,25.950000762939453,25.950000762939453,25.649999618530277,25.71500015258789,43951
2022-01-05,SBNY,25.780000686645508,25.790000915527344,25.270000457763672,25.459999084472656,47892
2022-01-06,SBNY,25.61000061035156,25.707599639892575,25.31999969482422,25.540000915527344,93721
2022-01-07,SBNY,25.549999237060547,25.63999938964844,25.280000686645508,25.6200008392334,32919
2022-01-10,SBNY,25.57999992370605,25.63999938964844,25.32010078430176,25.46999931335449,37935
2022-01-11,SBNY,25.549999237060547,25.84000015258789,25.489999771118164,25.63999938964844,38556
2022-01-12,SBNY,25.799999237060547,25.90999984741211,25.6200008392334,25.63999938964844,44175
2022-01-13,SBNY,25.780000686645508,25.90999984741211,25.65999984741211,25.809999465942383,33029
2022-01-14,SBNY,25.780000686645508,25.859899520874023,25.57999992370605,25.65999984741211,19994
2022-01-18,SBNY,25.559999465942383,25.56889915466309,25.200000762939453,25.479999542236328,63481
2022-01-19,SBNY,25.420000076293945,25.68000030517578,25.34000015258789,25.450000762939453,80236
2022-01-20,SBNY,25.489999771118164,25.530000686645508,25.209999084472656,25.209999084472656,72990
2022-01-21,SBNY,25.21999931335449,25.34000015258789,25.059999465942383,25.11000061035156,57538
2022-01-24,SBNY,25.11000061035156,25.125,24.729999542236328,25.049999237060547,74982
2022-01-25,SBNY,25.049999237060547,25.049999237060547,24.72330093383789,24.979999542236328,87017
2022-01-26,SBNY,24.90999984741211,25.11000061035156,24.53899955749512,24.799999237060547,77022
2022-01-27,SBNY,24.899999618530277,25.0,24.299999237060547,24.299999237060547,97304
2022-01-28,SBNY,24.38999938964844,24.5,24.020000457763672,24.5,84749
2022-01-31,SBNY,24.5,24.84000015258789,24.375200271606445,24.75,125100
2022-02-01,SBNY,24.75,25.149999618530277,24.75,25.09000015258789,63973
2022-02-02,SBNY,25.13999938964844,25.190000534057617,24.690000534057617,24.790000915527344,105342
2022-02-03,SBNY,24.739999771118164,24.96999931335449,24.31999969482422,24.729999542236328,71992
2022-02-04,SBNY,24.5,24.700000762939453,24.14780044555664,24.149999618530277,83855
2022-02-07,SBNY,24.280000686645508,24.440000534057617,24.100000381469727,24.209999084472656,72635
2022-02-08,SBNY,24.170000076293945,24.290000915527344,23.770000457763672,23.979999542236328,95793
2022-02-09,SBNY,24.01000022888184,24.309999465942383,23.90999984741211,23.93000030517578,79290
2022-02-10,SBNY,23.8799991607666,23.93000030517578,23.200000762939453,23.36000061035156,93293
2022-02-11,SBNY,23.709999084472656,23.709999084472656,22.905000686645508,22.920000076293945,104302
2022-02-14,SBNY,22.75,22.950000762939453,22.049999237060547,22.559999465942383,129781
2022-02-15,SBNY,22.5,23.0,22.25,22.530000686645508,1064622
2022-02-16,SBNY,22.34000015258789,22.87730026245117,22.299999237060547,22.56999969482422,115657
2022-02-17,SBNY,22.600000381469727,22.954200744628903,22.299999237060547,22.299999237060547,72110
2022-02-18,SBNY,22.299999237060547,22.5,22.209999084472656,22.25,128888
2022-02-22,SBNY,22.25,22.459999084472656,22.0,22.40999984741211,95007
2022-02-23,SBNY,22.459999084472656,22.459999084472656,22.15130043029785,22.32999992370605,77473
2022-02-24,SBNY,22.13999938964844,22.5,22.0,22.36000061035156,406600
2022-02-25,SBNY,22.489999771118164,22.93000030517578,22.3799991607666,22.93000030517578,84985
2022-02-28,SBNY,22.979999542236328,23.41659927368164,22.729999542236328,23.09000015258789,84349
2022-03-01,SBNY,23.09000015258789,23.43000030517578,23.02890014648437,23.290000915527344,46091
2022-03-02,SBNY,23.32999992370605,23.46999931335449,23.225000381469727,23.270000457763672,38583
2022-03-03,SBNY,23.32999992370605,23.479999542236328,23.21999931335449,23.3799991607666,46314
2022-03-04,SBNY,23.3700008392334,23.425500869750977,23.07999992370605,23.18000030517578,36102
2022-03-07,SBNY,23.15999984741211,23.15999984741211,22.683000564575195,22.709999084472656,36675
2022-03-08,SBNY,22.68000030517578,22.78499984741211,22.4773006439209,22.549999237060547,74128
2022-03-09,SBNY,22.6299991607666,22.88999938964844,22.478099822998047,22.850000381469727,48427
2022-03-10,SBNY,22.780000686645508,22.780000686645508,22.31220054626465,22.540000915527344,33012
2022-03-11,SBNY,22.65999984741211,22.701400756835938,22.07999992370605,22.309999465942383,41389
2022-03-14,SBNY,22.229999542236328,22.239999771118164,21.600000381469727,21.76679992675781,81270
2022-03-15,SBNY,21.88999938964844,22.114999771118164,21.729999542236328,21.790000915527344,132195
2022-03-16,SBNY,21.88999938964844,22.399999618530277,21.75,22.3799991607666,117052
2022-03-17,SBNY,22.149999618530277,22.540000915527344,22.06999969482422,22.450000762939453,63404
2022-03-18,SBNY,22.450000762939453,22.739999771118164,22.450000762939453,22.540000915527344,25384
2022-03-21,SBNY,22.5,22.746999740600582,22.040000915527344,22.399999618530277,50224
2022-03-22,SBNY,22.32999992370605,22.449199676513672,22.200000762939453,22.31999969482422,66652
2022-03-23,SBNY,22.399999618530277,22.399999618530277,22.0403995513916,22.399999618530277,70964
2022-03-24,SBNY,22.25,22.534900665283203,22.04019927978516,22.09000015258789,41784
2022-03-25,SBNY,22.13999938964844,22.209999084472656,21.38999938964844,21.479999542236328,76925
2022-03-28,SBNY,21.6299991607666,21.894100189208984,21.420000076293945,21.63999938964844,36329
2022-03-29,SBNY,21.700000762939453,22.170000076293945,21.450000762939453,22.1299991607666,107386
2022-03-30,SBNY,22.21999931335449,22.566999435424805,22.149999618530277,22.34000015258789,88383
2022-03-31,SBNY,22.479999542236328,22.729999542236328,22.25,22.700000762939453,37868
2022-04-01,SBNY,22.649999618530277,22.709999084472656,22.455400466918945,22.520000457763672,42631
2022-04-04,SBNY,22.56999969482422,22.700000762939453,22.350000381469727,22.549999237060547,71101
2022-04-05,SBNY,22.36000061035156,22.549999237060547,21.690000534057617,21.700000762939453,125378
2022-04-06,SBNY,21.440000534057617,21.700000762939453,21.299999237060547,21.51000022888184,59226
2022-04-07,SBNY,21.559999465942383,21.929800033569336,21.21999931335449,21.520000457763672,58037
2022-04-08,SBNY,21.31999969482422,21.51810073852539,20.96999931335449,20.96999931335449,45084
2022-04-11,SBNY,20.96999931335449,20.96999931335449,20.280000686645508,20.290000915527344,84091
2022-04-12,SBNY,20.520000457763672,20.780000686645508,20.520000457763672,20.68000030517578,84815
2022-04-13,SBNY,20.670000076293945,20.918500900268555,20.649999618530277,20.88999938964844,91966
2022-04-14,SBNY,20.90999984741211,21.030000686645508,20.50169944763184,21.020000457763672,1283431
2022-04-18,SBNY,20.96999931335449,20.96999931335449,20.600000381469727,20.86000061035156,114603
2022-04-19,SBNY,20.90999984741211,20.940000534057617,20.649999618530277,20.850000381469727,130924
2022-04-20,SBNY,20.850000381469727,20.940000534057617,20.700000762939453,20.940000534057617,93816
2022-04-21,SBNY,20.950000762939453,20.959999084472656,20.40999984741211,20.549999237060547,114469
2022-04-22,SBNY,20.600000381469727,20.670000076293945,20.07999992370605,20.239999771118164,261834
2022-04-25,SBNY,20.25,20.42480087280273,20.190000534057617,20.350000381469727,54986
2022-04-26,SBNY,20.350000381469727,20.572799682617188,20.1299991607666,20.1299991607666,58396
2022-04-27,SBNY,20.25,20.26289939880371,19.25,19.479999542236328,137259
2022-04-28,SBNY,19.440000534057617,19.899999618530277,19.100000381469727,19.540000915527344,125280
2022-04-29,SBNY,19.489999771118164,19.489999771118164,18.86000061035156,19.1299991607666,148594
2022-05-02,SBNY,18.90999984741211,19.20709991455078,18.34000015258789,18.520000457763672,137051
2022-05-03,SBNY,18.520000457763672,19.12360000610352,18.218799591064453,18.459999084472656,119230
2022-05-04,SBNY,18.739999771118164,19.350000381469727,18.440000534057617,19.25,111144
2022-05-05,SBNY,19.0,19.021699905395508,18.540000915527344,18.93000030517578,79892
2022-05-06,SBNY,18.479999542236328,18.8799991607666,18.479999542236328,18.8799991607666,42183
2022-05-09,SBNY,18.809999465942383,18.809999465942383,18.270000457763672,18.6299991607666,70868
2022-05-10,SBNY,18.979999542236328,18.979999542236328,18.09000015258789,18.200000762939453,94115
2022-05-11,SBNY,18.1299991607666,18.6299991607666,17.989999771118164,18.09000015258789,122977
2022-05-12,SBNY,18.26000022888184,18.68000030517578,17.479999542236328,18.649999618530277,414845
2022-05-13,SBNY,18.700000762939453,19.07999992370605,18.700000762939453,19.020000457763672,64414
2022-05-16,SBNY,19.0,19.76000022888184,18.670000076293945,19.489999771118164,85561
2022-05-17,SBNY,19.489999771118164,19.559999465942383,18.649999618530277,18.690000534057617,110758
2022-05-18,SBNY,18.71999931335449,19.12420082092285,18.200000762939453,18.229999542236328,214393
2022-05-19,SBNY,18.20989990234375,18.747499465942383,18.200000762939453,18.424999237060547,151458
2022-05-20,SBNY,18.420000076293945,18.549999237060547,18.0,18.100000381469727,104613
2022-05-23,SBNY,18.100000381469727,18.559999465942383,17.780000686645508,17.915000915527344,114641
2022-05-24,SBNY,17.989999771118164,18.399999618530277,17.826799392700195,18.18000030517578,104835
2022-05-25,SBNY,18.280000686645508,19.959999084472656,18.280000686645508,19.479999542236328,115762
2022-05-26,SBNY,19.899999618530277,20.3799991607666,18.728500366210938,19.780000686645508,106472
2022-05-27,SBNY,20.0,20.81999969482422,19.96999931335449,20.6200008392334,141006
2022-05-31,SBNY,20.600000381469727,20.989999771118164,20.086700439453125,20.780000686645508,111241
2022-06-01,SBNY,21.0,21.0,20.520000457763672,20.75,54924
2022-06-02,SBNY,20.43000030517578,20.43000030517578,19.774999618530277,20.309999465942383,55269
2022-06-03,SBNY,20.18000030517578,20.350000381469727,19.809999465942383,19.96999931335449,48474
2022-06-06,SBNY,20.1200008392334,20.258100509643555,19.729999542236328,19.979999542236328,46734
2022-06-07,SBNY,19.899999618530277,20.450000762939453,19.899999618530277,20.399999618530277,72367
2022-06-08,SBNY,20.479999542236328,20.530000686645508,20.14929962158203,20.31999969482422,46098
2022-06-09,SBNY,20.3700008392334,20.37299919128418,19.81999969482422,19.93000030517578,87388
2022-06-10,SBNY,19.82999992370605,19.8799991607666,18.26000022888184,18.670000076293945,139931
2022-06-13,SBNY,18.36000061035156,18.36000061035156,17.65999984741211,17.979999542236328,79891
2022-06-14,SBNY,18.0,18.190000534057617,17.360000610351562,17.639999389648438,186383
2022-06-15,SBNY,17.729999542236328,18.349899291992188,17.559999465942383,18.149999618530277,98858
2022-06-16,SBNY,17.84000015258789,17.899999618530273,17.257699966430664,17.549999237060547,70316
2022-06-17,SBNY,17.850000381469727,17.850000381469727,17.389999389648438,17.56999969482422,65392
2022-06-21,SBNY,17.75,18.18000030517578,17.700000762939453,18.149999618530277,55904
2022-06-22,SBNY,17.920000076293945,18.239999771118164,17.829999923706055,17.860000610351562,80254
2022-06-23,SBNY,18.0,18.299999237060547,17.8700008392334,17.950000762939453,140071
2022-06-24,SBNY,18.21999931335449,18.54990005493164,18.21999931335449,18.489999771118164,46414
2022-06-27,SBNY,18.46999931335449,18.549999237060547,18.0,18.11000061035156,61121
2022-06-28,SBNY,18.299999237060547,18.4734001159668,17.899999618530273,18.030000686645508,37775
2022-06-29,SBNY,18.149999618530277,18.440200805664062,17.90999984741211,18.3799991607666,50016
2022-06-30,SBNY,18.3799991607666,18.57999992370605,18.100000381469727,18.399999618530277,103680
2022-07-01,SBNY,18.530000686645508,18.850000381469727,18.24799919128418,18.799999237060547,43655
2022-07-05,SBNY,18.530000686645508,18.729999542236328,18.22960090637207,18.46999931335449,79503
2022-07-06,SBNY,18.61000061035156,18.799999237060547,18.440000534057617,18.700000762939453,92697
2022-07-07,SBNY,18.739999771118164,18.81999969482422,18.479999542236328,18.700000762939453,78853
2022-07-08,SBNY,18.549999237060547,18.725000381469727,18.479999542236328,18.700000762939453,50493
2022-07-11,SBNY,18.68000030517578,18.75,18.57999992370605,18.739999771118164,48259
2022-07-12,SBNY,18.82999992370605,19.0,18.70499992370605,18.81999969482422,64724
2022-07-13,SBNY,18.61000061035156,18.90999984741211,18.61000061035156,18.700000762939453,74832
2022-07-14,SBNY,18.700000762939453,18.940000534057617,18.600099563598636,18.940000534057617,117598
2022-07-15,SBNY,19.0,19.700000762939453,18.86000061035156,19.61000061035156,73710
2022-07-18,SBNY,19.61000061035156,20.05389976501465,19.61000061035156,19.920000076293945,53296
2022-07-19,SBNY,20.049999237060547,20.13999938964844,19.86000061035156,19.959999084472656,55472
2022-07-20,SBNY,20.049999237060547,20.450000762939453,20.049999237060547,20.11000061035156,80106
2022-07-21,SBNY,20.280000686645508,20.5,20.059999465942383,20.420000076293945,42926
2022-07-22,SBNY,20.540000915527344,20.6200008392334,20.28689956665039,20.520000457763672,57516
2022-07-25,SBNY,20.5,20.5,20.149999618530277,20.399999618530277,56043
2022-07-26,SBNY,20.450000762939453,20.479999542236328,20.06999969482422,20.40999984741211,65324
2022-07-27,SBNY,20.489999771118164,20.549999237060547,20.25,20.46999931335449,49205
2022-07-28,SBNY,20.399999618530277,20.5,20.25,20.40999984741211,104363
2022-07-29,SBNY,20.5,20.739999771118164,19.850000381469727,20.09000015258789,258785
2022-08-01,SBNY,20.049999237060547,20.166099548339844,19.6299991607666,19.770000457763672,120765
2022-08-02,SBNY,19.68000030517578,20.18000030517578,19.600000381469727,19.850000381469727,301161
2022-08-03,SBNY,19.959999084472656,20.57999992370605,19.93000030517578,20.57999992370605,103290
2022-08-04,SBNY,20.76000022888184,21.18000030517578,20.540000915527344,21.1200008392334,101444
2022-08-05,SBNY,20.979999542236328,21.09000015258789,20.649999618530277,21.0,74404
2022-08-08,SBNY,21.100000381469727,21.299999237060547,20.80419921875,21.07999992370605,72407
2022-08-09,SBNY,21.1299991607666,21.1299991607666,19.8799991607666,20.25,152494
2022-08-10,SBNY,20.450000762939453,20.75,20.229999542236328,20.40999984741211,50489
2022-08-11,SBNY,20.780000686645508,20.780000686645508,20.030000686645508,20.209999084472656,61422
2022-08-12,SBNY,20.299999237060547,20.458499908447266,20.1200008392334,20.270000457763672,50558
2022-08-15,SBNY,20.190000534057617,20.57999992370605,20.190000534057617,20.3700008392334,49032
2022-08-16,SBNY,20.5,20.56999969482422,20.149999618530277,20.38999938964844,60672
2022-08-17,SBNY,20.190000534057617,20.233200073242188,19.940000534057617,20.049999237060547,60139
2022-08-18,SBNY,20.149999618530277,20.200000762939453,19.649999618530277,19.76000022888184,94089
2022-08-19,SBNY,19.649999618530277,19.815000534057617,19.31999969482422,19.520000457763672,69832
2022-08-22,SBNY,19.5,19.5,19.049999237060547,19.170000076293945,45209
2022-08-23,SBNY,19.200000762939453,19.5,18.290000915527344,18.84000015258789,140981
2022-08-24,SBNY,18.850000381469727,19.44129943847656,18.59000015258789,19.100000381469727,81983
2022-08-25,SBNY,19.209999084472656,19.56999969482422,18.984600067138672,19.440000534057617,27210
2022-08-26,SBNY,19.46999931335449,19.46999931335449,19.059999465942383,19.21999931335449,37920
2022-08-29,SBNY,19.200000762939453,19.350000381469727,18.91189956665039,19.270000457763672,46408
2022-08-30,SBNY,19.38999938964844,19.38999938964844,19.09000015258789,19.11000061035156,50431
2022-08-31,SBNY,19.25,19.43000030517578,18.520000457763672,18.63999938964844,80569
2022-09-01,SBNY,18.75,18.75,18.239999771118164,18.309999465942383,56240
2022-09-02,SBNY,18.559999465942383,18.63999938964844,18.020000457763672,18.34000015258789,70984
2022-09-06,SBNY,18.350000381469727,18.43989944458008,18.010000228881836,18.06999969482422,31071
2022-09-07,SBNY,18.100000381469727,18.5,18.07999992370605,18.309999465942383,43426
2022-09-08,SBNY,18.399999618530277,18.780000686645508,18.299999237060547,18.32999992370605,89058
2022-09-09,SBNY,18.6200008392334,19.18000030517578,18.600000381469727,19.18000030517578,41283
2022-09-12,SBNY,19.06999969482422,19.36000061035156,18.81999969482422,19.049999237060547,28485
2022-09-13,SBNY,18.899999618530277,19.280000686645508,18.65449905395508,19.270000457763672,37800
2022-09-14,SBNY,19.3799991607666,19.460399627685547,19.15800094604492,19.350000381469727,43000
2022-09-15,SBNY,19.149999618530277,19.209999084472656,18.4950008392334,18.540000915527344,59758
2022-09-16,SBNY,18.540000915527344,18.739999771118164,18.295700073242188,18.36000061035156,38077
2022-09-19,SBNY,18.36000061035156,18.65999984741211,18.1299991607666,18.1299991607666,44211
2022-09-20,SBNY,18.18000030517578,18.25,17.899999618530273,17.899999618530273,62710
2022-09-21,SBNY,18.0,18.38999938964844,17.899999618530273,18.0,57778
2022-09-22,SBNY,18.100000381469727,18.18000030517578,17.850000381469727,18.0,118495
2022-09-23,SBNY,17.809999465942383,17.850000381469727,17.5,17.68000030517578,105657
2022-09-26,SBNY,17.649999618530273,17.709999084472656,17.299999237060547,17.299999237060547,45206
2022-09-27,SBNY,17.5,18.13999938964844,17.270000457763672,17.34000015258789,71690
2022-09-28,SBNY,17.360000610351562,18.1299991607666,17.360000610351562,18.06999969482422,56564
2022-09-29,SBNY,17.979999542236328,17.989999771118164,17.392799377441406,17.780000686645508,38912
2022-09-30,SBNY,17.959999084472656,18.11000061035156,17.47010040283203,17.549999237060547,318724
2022-10-03,SBNY,17.899999618530273,18.04990005493164,17.459999084472656,17.5,98443
2022-10-04,SBNY,17.68000030517578,18.0,17.559999465942383,17.690000534057617,90211
2022-10-05,SBNY,17.549999237060547,17.600000381469727,17.350000381469727,17.350000381469727,52130
2022-10-06,SBNY,17.479999542236328,17.639999389648438,17.40999984741211,17.510000228881836,36458
2022-10-07,SBNY,17.479999542236328,17.479999542236328,17.209999084472656,17.280000686645508,39831
2022-10-10,SBNY,17.3700008392334,17.399999618530273,17.059999465942383,17.329999923706055,31059
2022-10-11,SBNY,17.5,17.5,17.010000228881836,17.059999465942383,40721
2022-10-12,SBNY,17.06999969482422,17.190000534057617,16.75,16.899999618530273,59355
2022-10-13,SBNY,16.809999465942383,17.350000381469727,16.65999984741211,16.860000610351562,111984
2022-10-14,SBNY,16.8799991607666,17.239999771118164,16.690000534057617,16.690000534057617,38756
2022-10-17,SBNY,16.850000381469727,17.139999389648438,16.700000762939453,17.010000228881836,92381
2022-10-18,SBNY,17.149999618530273,17.264999389648438,16.770000457763672,17.1299991607666,182170
2022-10-19,SBNY,17.09000015258789,17.110000610351562,16.890300750732422,17.049999237060547,37527
2022-10-20,SBNY,17.149999618530273,17.149999618530273,16.5,16.559999465942383,46598
2022-10-21,SBNY,16.559999465942383,17.06999969482422,16.559999465942383,16.93000030517578,257844
2022-10-24,SBNY,16.93000030517578,17.209999084472656,16.77869987487793,17.020000457763672,45687
2022-10-25,SBNY,17.149999618530273,17.530000686645508,17.1299991607666,17.530000686645508,34046
2022-10-26,SBNY,17.56999969482422,17.7992000579834,17.26650047302246,17.56999969482422,41354
2022-10-27,SBNY,17.3700008392334,17.739999771118164,17.3700008392334,17.510000228881836,42680
2022-10-28,SBNY,17.59000015258789,17.790000915527344,17.37700080871582,17.649999618530273,37569
2022-10-31,SBNY,17.56999969482422,17.90880012512207,17.520000457763672,17.6200008392334,33184
2022-11-01,SBNY,17.809999465942383,17.920799255371094,17.350000381469727,17.350000381469727,47188
2022-11-02,SBNY,17.510000228881836,17.795799255371094,17.15999984741211,17.280000686645508,34364
2022-11-03,SBNY,17.290000915527344,17.290000915527344,16.950000762939453,16.959999084472656,49047
2022-11-04,SBNY,17.0,17.344600677490234,16.799999237060547,16.860000610351562,35639
2022-11-07,SBNY,16.950000762939453,17.0,16.68000030517578,16.760000228881836,69811
2022-11-08,SBNY,16.959999084472656,17.34000015258789,16.760000228881836,17.25,80752
2022-11-09,SBNY,17.389999389648438,17.389999389648438,16.579999923706055,16.8799991607666,88652
2022-11-10,SBNY,17.110000610351562,17.79330062866211,17.110000610351562,17.639999389648438,82734
2022-11-11,SBNY,17.700000762939453,18.167400360107425,17.479999542236328,17.6200008392334,41956
2022-11-14,SBNY,17.700000762939453,18.06999969482422,17.219999313354492,17.3700008392334,57466
2022-11-15,SBNY,17.530000686645508,18.07999992370605,17.40999984741211,17.579999923706055,86379
2022-11-16,SBNY,17.790000915527344,18.09199905395508,17.149999618530273,17.25,74484
2022-11-17,SBNY,17.15999984741211,17.191699981689453,16.600000381469727,16.700000762939453,67181
2022-11-18,SBNY,16.799999237060547,17.110000610351562,16.75,17.010000228881836,49225
2022-11-21,SBNY,17.15999984741211,17.270000457763672,16.920000076293945,16.93000030517578,57347
2022-11-22,SBNY,17.100000381469727,17.399999618530273,16.920000076293945,17.299999237060547,65855
2022-11-23,SBNY,17.309999465942383,17.799999237060547,17.209999084472656,17.790000915527344,117421
2022-11-25,SBNY,17.799999237060547,17.84000015258789,17.362699508666992,17.639999389648438,22902
2022-11-28,SBNY,17.540000915527344,17.84000015258789,17.399999618530273,17.469999313354492,66681
2022-11-29,SBNY,17.530000686645508,17.530000686645508,16.8700008392334,16.899999618530273,95314
2022-11-30,SBNY,17.0,17.399999618530273,16.81999969482422,17.350000381469727,80457
2022-12-01,SBNY,17.479999542236328,17.75,17.209999084472656,17.5,57926
2022-12-02,SBNY,17.5,18.200000762939453,17.30900001525879,18.100000381469727,56053
2022-12-05,SBNY,17.950000762939453,18.13999938964844,17.54640007019043,17.579999923706055,76265
2022-12-06,SBNY,17.75,18.008399963378906,17.059999465942383,17.190000534057617,63953
2022-12-07,SBNY,17.260000228881836,17.520000457763672,16.850000381469727,17.010000228881836,126575
2022-12-08,SBNY,17.149999618530273,17.329999923706055,16.920000076293945,17.040000915527344,108810
2022-12-09,SBNY,16.959999084472656,17.03730010986328,16.399999618530273,16.56999969482422,78126
2022-12-12,SBNY,16.610000610351562,16.885000228881836,16.43000030517578,16.649999618530273,340839
2022-12-13,SBNY,17.309999465942383,17.350000381469727,16.68000030517578,16.799999237060547,121979
2022-12-14,SBNY,16.850000381469727,16.969999313354492,16.559999465942383,16.700000762939453,122238
2022-12-15,SBNY,16.489999771118164,16.57990074157715,16.1200008392334,16.34000015258789,315970
2022-12-16,SBNY,16.18000030517578,16.3700008392334,15.970000267028809,16.200000762939453,137095
2022-12-19,SBNY,16.200000762939453,16.289899826049805,16.0,16.18000030517578,87747
2022-12-20,SBNY,16.15999984741211,16.15999984741211,15.899999618530272,16.149999618530273,110062
2022-12-21,SBNY,16.149999618530273,16.25,15.880000114440918,16.049999237060547,105453
2022-12-22,SBNY,15.93000030517578,16.049999237060547,15.460000038146973,15.59000015258789,151975
2022-12-23,SBNY,15.649999618530272,15.989999771118164,15.5,15.649999618530272,80456
2022-12-27,SBNY,15.510000228881836,15.75,15.300000190734863,15.369999885559082,84961
2022-12-28,SBNY,15.529999732971191,15.60990047454834,15.109999656677246,15.210000038146973,158763
2022-12-29,SBNY,15.260000228881836,15.630000114440918,15.25,15.5,202092
2022-12-30,SBNY,15.399999618530272,15.68000030517578,15.300000190734863,15.369999885559082,189214
2023-01-03,SBNY,15.609999656677246,16.010000228881836,15.5,16.0,80623
2023-01-04,SBNY,16.209999084472656,16.709999084472656,15.939200401306152,16.670000076293945,112675
2023-01-05,SBNY,16.15999984741211,16.440000534057617,15.649999618530272,16.040000915527344,250189
2023-01-06,SBNY,16.040000915527344,17.190000534057617,16.020000457763672,17.190000534057617,122280
2023-01-09,SBNY,17.229999542236328,18.039899826049805,17.049999237060547,17.34000015258789,149541
2023-01-10,SBNY,17.299999237060547,17.489999771118164,17.0,17.3799991607666,68449
2023-01-11,SBNY,17.329999923706055,17.450000762939453,17.15999984741211,17.299999237060547,173888
2023-01-12,SBNY,17.489999771118164,17.979999542236328,17.350000381469727,17.90999984741211,89534
2023-01-13,SBNY,17.899999618530273,17.939899444580078,17.6200008392334,17.799999237060547,88409
2023-01-17,SBNY,18.0,18.309999465942383,18.0,18.209999084472656,144535
2023-01-18,SBNY,18.43000030517578,18.649999618530277,18.040000915527344,18.049999237060547,107494
2023-01-19,SBNY,18.13999938964844,18.289899826049805,17.920000076293945,18.229999542236328,68665
2023-01-20,SBNY,18.280000686645508,18.51000022888184,17.92009925842285,18.440000534057617,152402
2023-01-23,SBNY,18.440000534057617,18.979799270629883,18.200000762939453,18.899999618530277,111610
2023-01-24,SBNY,18.899999618530277,18.98189926147461,18.66010093688965,18.809999465942383,111224
2023-01-25,SBNY,18.850000381469727,19.0,18.690000534057617,18.979999542236328,48544
2023-01-26,SBNY,19.0,19.25,18.875,19.229999542236328,86161
2023-01-27,SBNY,19.059999465942383,19.199899673461918,18.520000457763672,18.59000015258789,99635
2023-01-30,SBNY,18.549999237060547,19.21999931335449,18.549999237060547,19.100000381469727,140996
2023-01-31,SBNY,19.100000381469727,19.123899459838867,18.8754997253418,18.959999084472656,225818
2023-02-01,SBNY,19.01000022888184,19.030000686645508,18.364999771118164,18.43000030517578,209363
2023-02-02,SBNY,18.46999931335449,18.850000381469727,18.46999931335449,18.84000015258789,158100
2023-02-03,SBNY,18.799999237060547,18.799999237060547,18.5,18.540000915527344,35423
2023-02-06,SBNY,18.5,18.5,18.211299896240234,18.26499938964844,55622
2023-02-07,SBNY,18.309999465942383,18.343900680541992,17.8700008392334,18.190000534057617,37582
2023-02-08,SBNY,18.239999771118164,18.450000762939453,18.040000915527344,18.31999969482422,67355
2023-02-09,SBNY,18.56999969482422,18.599000930786133,18.239999771118164,18.38999938964844,62872
2023-02-10,SBNY,18.399999618530277,18.399999618530277,18.07929992675781,18.1200008392334,43322
2023-02-13,SBNY,18.280000686645508,18.280000686645508,18.03319931030273,18.15999984741211,43242
2023-02-14,SBNY,18.200000762939453,18.399999618530277,17.889999389648438,18.09000015258789,68969
2023-02-15,SBNY,18.030000686645508,18.170000076293945,17.959999084472656,18.149999618530277,39499
2023-02-16,SBNY,18.100000381469727,18.200000762939453,17.75,17.780000686645508,72916
2023-02-17,SBNY,17.850000381469727,17.850000381469727,17.540000915527344,17.760000228881836,52209
2023-02-21,SBNY,17.700000762939453,17.7450008392334,17.030000686645508,17.1299991607666,58470
2023-02-22,SBNY,17.280000686645508,17.690000534057617,17.150100708007812,17.690000534057617,34563
2023-02-23,SBNY,17.579999923706055,17.780000686645508,17.520000457763672,17.56999969482422,43874
2023-02-24,SBNY,17.530000686645508,17.68000030517578,17.299999237060547,17.549999237060547,41054
2023-02-27,SBNY,17.729999542236328,17.84000015258789,17.639999389648438,17.735000610351562,30530
2023-02-28,SBNY,17.729999542236328,18.059999465942383,17.58049964904785,18.020000457763672,67918
2023-03-01,SBNY,18.07999992370605,18.07999992370605,17.549999237060547,17.899999618530273,37722
2023-03-02,SBNY,17.670000076293945,17.811100006103516,17.399999618530273,17.530000686645508,87421
2023-03-03,SBNY,17.739999771118164,17.8700008392334,17.540000915527344,17.65999984741211,56231
2023-03-06,SBNY,17.700000762939453,17.8700008392334,17.43000030517578,17.530000686645508,76387
2023-03-07,SBNY,17.530000686645508,17.64739990234375,16.850000381469727,17.0,95157
2023-03-08,SBNY,17.079999923706055,17.450000762939453,17.079999923706055,17.440000534057617,115600
2023-03-09,SBNY,17.190000534057617,17.190000534057617,15.6899995803833,16.399999618530273,283349
2023-03-10,SBNY,15.25,15.369999885559082,11.619999885559082,11.899999618530272,1216598
2023-03-13,SBNY,11.899999618530272,11.899999618530272,11.899999618530272,11.899999618530272,0
2023-03-14,SBNY,11.899999618530272,11.899999618530272,11.899999618530272,11.899999618530272,0
2023-03-15,SBNY,11.899999618530272,11.899999618530272,11.899999618530272,11.899999618530272,0
2023-03-16,SBNY,11.899999618530272,11.899999618530272,11.899999618530272,11.899999618530272,0
2023-03-17,SBNY,11.899999618530272,11.899999618530272,11.899999618530272,11.899999618530272,0
2023-03-20,SBNY,11.899999618530272,11.899999618530272,11.899999618530272,11.899999618530272,0
2023-03-21,SBNY,11.899999618530272,11.899999618530272,11.899999618530272,11.899999618530272,0
2023-03-22,SBNY,11.899999618530272,11.899999618530272,11.899999618530272,11.899999618530272,0
2023-03-23,SBNY,11.899999618530272,11.899999618530272,11.899999618530272,11.899999618530272,0
2023-03-24,SBNY,11.899999618530272,11.899999618530272,11.899999618530272,11.899999618530272,0
2023-03-27,SBNY,11.899999618530272,11.899999618530272,11.899999618530272,11.899999618530272,0
2023-03-28,SBNY,0.5199999809265137,0.5199999809265137,0.0299999993294477,0.0410000011324882,10396770
2023-03-29,SBNY,0.025000000372529,0.0900000035762786,0.025000000372529,0.0570000000298023,6469833
2023-03-30,SBNY,0.0700000002980232,0.0799999982118606,0.0450999997556209,0.0549999997019767,3767127
2023-03-31,SBNY,0.025000000372529,0.0649999976158142,0.0209999997168779,0.0649999976158142,1753253
2023-04-03,SBNY,0.0210999995470047,0.067900002002716,0.0210999995470047,0.0649000033736229,3411238
2023-04-04,SBNY,0.0678000003099441,0.0678000003099441,0.0502999983727932,0.0649999976158142,2203925
2023-04-05,SBNY,0.050000000745058,0.0900000035762786,0.050000000745058,0.0723500028252601,1491682
2023-04-06,SBNY,0.0549999997019767,0.0799999982118606,0.0520999990403652,0.0649999976158142,89057
2023-04-10,SBNY,0.0700000002980232,0.1000000014901161,0.0540000014007091,0.0584999993443489,507192
2023-04-11,SBNY,0.0584999993443489,0.0700000002980232,0.050000000745058,0.050000000745058,165798
2023-04-12,SBNY,0.0565499998629093,0.0619000010192394,0.0335999988019466,0.0410999990999698,281299
2023-04-13,SBNY,0.0255999993532896,0.0597000010311603,0.0255999993532896,0.0450000017881393,303668
2023-04-14,SBNY,0.0099999997764825,0.0570000000298023,0.0099999997764825,0.0450000017881393,204337
2023-04-17,SBNY,0.0559000000357627,0.0568999983370304,0.032600000500679,0.0355000011622905,81084
2023-04-18,SBNY,0.0255999993532896,0.0540000014007091,0.0255999993532896,0.0529999993741512,183225
2023-04-19,SBNY,0.025000000372529,0.0524000003933906,0.025000000372529,0.0481499992311,232932
2023-04-20,SBNY,0.0403000004589557,0.0559000000357627,0.0331000015139579,0.0361000001430511,236043
2023-04-21,SBNY,0.0274999998509883,0.052700001746416,0.0274999998509883,0.0361000001430511,49711
2023-04-24,SBNY,0.0264999996870756,0.0498999990522861,0.0264999996870756,0.0361000001430511,126192
2023-04-25,SBNY,0.025000000372529,0.0489999987185001,0.025000000372529,0.0362999998033046,215415
2023-04-26,SBNY,0.025000000372529,0.0483999997377395,0.025000000372529,0.0361000001430511,87591
